{
  "exness": {
    "BTCAUDm": {
      "d": [
        -0.14,
        1.26,
        1.98,
        3.55
      ],
      "i": [
        16385,
        1
      ],
      "s": "BTCAUDm",
      "t": "h1",
      "x": {
        "tick": {
          "a": 33114.5,
          "b": 33087.1,
          "f": 2,
          "l": 0.0,
          "m": 1667623779333,
          "r": 0.0,
          "t": 1667623779,
          "v": 0
        }
      }
    },
    "EURUSD": {
      "d": [
        0.03,
        0.07,
        0.51,
        0.17
      ],
      "i": [
        16385,
        5
      ],
      "s": "EURUSD",
      "t": "h1",
      "x": {
        "tick": {
          "a": 1.14417,
          "b": 1.14408,
          "f": 6,
          "l": 0.0,
          "m": 1783109337062,
          "r": 0.0,
          "t": 1783109337,
          "v": 0
        }
      }
    },
    "GBPUSD": {
      "d": [
        0.01,
        0.07,
        1.23,
        0.72
      ],
      "i": [
        16385,
        5
      ],
      "s": "GBPUSD",
      "t": "h1",
      "x": {
        "tick": {
          "a": 1.33572,
          "b": 1.33563,
          "f": 6,
          "l": 0.0,
          "m": 1783109336252,
          "r": 0.0,
          "t": 1783109336,
          "v": 0
        }
      }
    },
    "USDJPY": {
      "d": [
        -0.01,
        0.14,
        -0.24,
        -0.76
      ],
      "i": [
        16385,
        3
      ],
      "s": "USDJPY",
      "t": "h1",
      "x": {
        "tick": {
          "a": 161.348,
          "b": 161.339,
          "f": 6,
          "l": 0.0,
          "m": 1783109337062,
          "r": 0.0,
          "t": 1783109337,
          "v": 0
        }
      }
    }
  }
}